#,hospital_id,name,address,contact_url,contact_number,apogee,apogee_elite
8,1776089861693,연세노블병원,"서울특별시 은평구 서오릉로 37, (녹번동)",http://www.ysnoble.co.kr/,02-384-0009,X,X
20,1776089861722,365다움의원,"서울특별시 성동구 왕십리광장로 17, 왕십리민자역사 4층 (행당동)",http://www.dawoomclinic.co.kr/,02-2297-1755,X,X
28,1776089861742,CL성형외과의원,"서울특별시 노원구 동일로 1392, 5층 (상계동, 노원한일빌딩)",http://www.clclinic.co.kr/,02-933-6522,X,X
30,1776089861748,가미의원,"서울특별시 송파구 오금로 176, 지인빌딩 3층 (송파동)",http://kamiskin.co.kr/,02-416-6700,X,X
60,1776089861890,그랑메디의원,"서울특별시 중구 명동7길 21, 명동아르누보센텀 406호 (을지로2가)",http://www.mylamar.co.kr/,02-775-0885,X,X
61,1776089861893,그랜드피부과의원,"서울특별시 송파구 오금로 506, (거여동, 일동빌딩 5층)","https://blog.naver.com/iouderm
",02-408-0345,X,X
62,1776089861901,글로리의원,"서울특별시 중구 퇴계로 234, 민국저축은행 1층 (충무로5가)",https://gloryclinic-md.co.kr/,02-2038-6706,X,X
67,1776089861915,김동건피부과의원,"서울특별시 송파구 마천로 41, (방이동, 5층)",http://www.dkkskin.com/,02-414-7557,X,X
68,1776089861916,김동준피부과의원,"서울특별시 성동구 행당로 87, 405호 (행당동, 대림리빙프라자)",http://hana-skin.com/,02-2281-6589,X,X
72,1776089861930,김윤섭피부과의원,"서울특별시 동작구 동작대로 129, (사당동)",https://www.kimskinclinic.co.kr/,02-591-7789,X,X
79,1776089861947,김헌곤성형외과의원,"서울특별시 동작구 보라매로5가길 24, 2층 201,210,212호 (신대방동, 보라매나산스위트)",http://www.seoulps.com,02-842-3333,X,X
81,1776089861951,꼬모의원,"서울특별시 용산구 이태원로 237, 4층 (한남동)",https://www.como.clinic/,,X,X
84,1776089861958,나라온의원,"서울특별시 마포구 백범로 90, 2층 (대흥동)",https://nalaon.imweb.me/,02-711-1907,X,X
85,1776089861960,나만의즐거운플랜라라플랜의원,"서울특별시 송파구 올림픽로 100, 효창타워 5층 1호 (잠실동)",https://www.lalaplanclinic.com/,02-415-3268,X,X
87,1776089861962,나미피부과의원,"서울특별시 중랑구 사가정로 384, 3,4층 (면목동)",http://namiskin.co.kr/,02-439-3300,X,X
89,1776089861971,나의미래피부과의원,"서울특별시 마포구 월드컵북로 381, 2층 208~210호 (상암동, 상암월드컵파크4단지상가)",https://www.my-mirae.com/,02-375-0500,X,X
92,1776089861974,나인의원,"서울특별시 마포구 양화로 165, 3층 (동교동)",https://www.9skin2.co.kr/,02-325-9990,X,X
93,1776089861976,나인피부과의원,"서울특별시 은평구 통일로 855-8, 연신내진원와이타운 9,10층 901,902,1002호 (갈현동)",https://www.9skin.co.kr/,02-353-9990,X,X
97,1776089861990,노바피부과의원,"서울특별시 송파구 오금로 507, 5층 (거여동)",http://www.novanova.co.kr/,02-449-2430,X,X
99,1776089861997,노블클래식의원,"서울특별시 강북구 월계로 43-1, 2층 (미아동)",http://www.nobleclassic.com/,02-988-0057,X,X
100,1776089862000,노원 닥터에버스의원,"서울특별시 노원구 노해로 492, 프린스빌딩 9층 901,902,903호 (상계동)",https://www.evers4.co.kr/,02-932-2010,X,X
101,1776089862001,노원 아이디의원,"서울특별시 노원구 노해로 455, MG노원빌딩 7층 (상계동)",https://nw.idclinic.co.kr/,1855-0050,X,X
102,1776089862002,노원 톡스앤필의원,"서울특별시 노원구 노해로 488, 근호빌딩 3층 (상계동)",https://www.toxnfill15.com/,02-933-7585,X,X
108,1776089862014,뉴리즈의원,"서울특별시 송파구 올림픽로35길 137, 한국광고문화회관 12층 2호 (신천동)",https://www.newrizz.co.kr/jamsil,02-6951-0655,X,X
109,1776089862016,뉴센스의원,"서울특별시 마포구 신촌로 170, 상가306,307호 (대흥동, 이대역푸르지오시티)",https://newsense.co.kr/,3272-8885,X,X
111,1776089862021,뉴엘라인의원,"서울특별시 성동구 상원길 26, 5층 (성수동1가)",https://newlssclinic.co.kr/,02-2135-4005,X,X
113,1776089862027,뉴페이스의원,"서울특별시 중구 장충단로13길 7, 6층 (을지로6가)",https://www.newfaceclinic.kr/,02-2263-7522,X,X
122,1776089862044,다미의원,"서울특별시 마포구 마포대로 173-14, 마포 센텀 슬로우스퀘어 2층 205~207호 (아현동)",http://www.damiskinmapo.com/main/index.php,02-364-3323,X,X
124,1776089862046,다시봄날의원,"서울특별시 노원구 동일로215길 2, 하나빌딩 3층 (상계동)",https://nw.springdayclinic.com/,02-2039-0079,O,X
127,1776089862050,다오의원,"서울특별시 중구 퇴계로 123, 하이헤리엇 9층 9011,9012호 (충무로2가)",https://clinicdao.com/,02-757-7582,X,X
128,1776089862051,다온의원,"서울특별시 송파구 송파대로 467, 대성빌딩 5층 (석촌동)",http://daongood.co.kr/,424-2048,X,X
129,1776089862059,다태나의원,"서울특별시 송파구 올림픽로 108, 맥스빌딩 3,9층 (잠실동)",https://datena.kr/,02-6952-6980,X,X
131,1776089862063,닥터나인의원,"서울특별시 은평구 은평로 123, 2층 202호 (응암동, 응암아네스트)",http://www.dr9.co.kr/,02-358-9809,X,X
132,1776089862067,닥터디자이너의원명동점,"서울특별시 중구 명동3길 44, 6층 (을지로2가)",https://md.drdclinic.co.kr/,02-3789-8810,X,X
133,1776089862068,닥터로피부과의원,"서울특별시 노원구 노해로 482, 덕영빌딩 7층 (상계동)",http://rhoskin.com,02-937-0043,X,X
134,1776089862078,닥터봉의원,"서울특별시 동작구 사당로 300, 212호 (사당동, 이수자이)",https://doctorbong.co.kr/,02-533-6001,X,X
135,1776089862080,닥터쁘띠의원,"서울특별시 노원구 동일로 1396, 중원빌딩 3층 (상계동)",https://nowon.doctorpetit.com/,02-3392-4285,X,X
136,1776089862081,닥터쁘띠의원명동점,"서울특별시 중구 퇴계로 145, 세종호텔 3층 (충무로2가)",https://myeongdong.doctorpetit.com/,02-6953-8433,O,X
137,1776089862082,닥터선의원,"서울특별시 용산구 독서당로 122, 2층 (한남동)",https://www.drsunclinic.com,02-6273-7500,X,X
138,1776089862091,닥터스피부과의원,"서울특별시 송파구 백제고분로 364, 대신빌딩 5층 (석촌동)",https://jamsil.doctors365.co.kr/,02-420-7702,X,X
139,1776089862092,닥터스피부과의원,"서울특별시 마포구 마포대로 127, 2층 201호 (공덕동, 풍림브이아이피텔)",https://gongdeok.doctors365.co.kr/,02-702-3033,X,X
140,1776089862093,닥터스피부과의원,"서울특별시 강북구 도봉로 52, 연이빌딩 4층 (미아동)",https://mia.doctors365.co.kr/,02-6437-0082,X,X
141,1776089862095,닥터스피부과의원 은평점,"서울특별시 은평구 통일로 750, 4층 (불광동)",https://eunpyeong.doctors365.co.kr/,02-356-7572,X,X
143,1776089862102,닥터에버스의원 목동,"서울특별시 양천구 목동로 203, 2층 1호 (신정동)",https://mokdong.doctors365.co.kr/,02-6956-2015,X,X
144,1776089862104,닥터올린의원,"서울특별시 용산구 이태원로 179, 해밀톤호텔 (본관) 1층 4호 (이태원동)",https://drallinclinic.com/,02-792-7708,O,X
145,1776089862119,닥터포미의원,"서울특별시 송파구 마천로 43, (방이동)",https://www.dr4me.co.kr/,417-7119,X,X
146,1776089862120,닥터포유의원,"서울특별시 마포구 양화로 64, 4층 (서교동, 서교제일빌딩)",https://www.xn--3j1b1b317fnpj9mdpqe.com/,02-334-8840,X,X
147,1776089862121,닥터포유의원,"서울특별시 종로구 청계천로 71, 401호 (관철동,계원빌딩)",https://www.dr4ujongro.com/,02-733-7582,X,X
148,1776089862122,닥터포유의원,"서울특별시 강북구 도봉로 191, (미아동, 상아빌딩)",https://dr4u.co.kr/,02-983-1400,X,X
149,1776089862124,단아의원,"서울특별시 중구 명동7길 21, 314, 315호 (을지로2가, 명동아르누보센텀)",http://myeongdongclinic.com/,02-779-7412,X,X
150,1776089862126,당신만의가치벨유의원,"서울특별시 중구 명동길 32, 4층 (명동2가)",https://www.valu-clinic.kr/,02-2039-7431,X,X
153,1776089862138,대한민국의원,"서울특별시 중랑구 면목로 352, (면목동)",www.antipain.co.kr,02-436-0111,X,X
155,1776089862146,더끌림피부과의원,"서울특별시 송파구 법원로 128, 문정에스케이브이원지엘메트로시티 B동 316,317호 (문정동)",http://www.the-cclim.co.kr/?r=p,02-402-0220,X,X
157,1776089862166,더베스트의원,"서울특별시 노원구 동일로 1341, 5층 501호 (상계동)",http://www.bstps.com/,02-931-3001,X,X
158,1776089862167,더베이지의원,"서울특별시 마포구 마포대로 92, 효성 해링턴 스퀘어 A블럭 2층 (도화동)",https://thebeigeclinic.com/,02-6352-9988,X,X
159,1776089862169,더블에이의원,"서울특별시 성동구 독서당로 223, 래미안 옥수 리버젠 상가 상가동 지하3층 312,313호 (옥수동)",https://doubleaclinic.imweb.me/,02-2282-7553,X,X
160,1776089862177,더샤인한스의원,"서울특별시 도봉구 노해로 341, 101동 307호 (창동, 신원리베르텔)",http://mantamo.com,990-3002,X,X
162,1776089862187,더우아의원,"서울특별시 용산구 한강대로 66, 308~313호 (한강로2가)",http://www.theoooooah.com,02-749-7738,X,X
163,1776089862193,더윤피부과의원,"서울특별시 성동구 왕십리로 50, 지하1층 (성수동1가)",http://theyoonclinic.com/,02-6953-8085,X,X
165,1776089862195,더이다의원,"서울특별시 중구 동호로11길 113, 3~4층 (신당동)",https://www.idaclinic.io/,02-533-6695,X,X
167,1776089862200,더케어클리닉의원,"서울특별시 송파구 올림픽로 289, 잠실시그마타워 3층 309,310호 (신천동)",https://thecareclinic.kr/,02-6285-2021,X,X
168,1776089862201,더클리어의원,"서울특별시 종로구 세종대로 159, 5층 (세종로)",http://www.jnd7.com/index.php?control=html&mg=sub01&p_id=010206_2&sca=반포점,734-8875,X,X
169,1776089862202,더탑성형외과의원,"서울특별시 강북구 도봉로 365, 6층 (수유동)",http://thetop-ps.co.kr/,02-993-5000,X,X
171,1776089862211,더힐즈의원,"서울특별시 은평구 진관2로 19, 5층 504,505호 (진관동, 휴먼프라자)",http://www.thehillsclinic.co.kr/,02-385-0202,X,X
172,1776089862212,더힐피부과의원,"서울특별시 동작구 현충로 75, 원불교100년기념관 및 역사문화기념관 4, 7층 (흑석동)",http://thehillderma.com/,02-6484-8200,X,X
173,1776089862214,더힐피부과의원,"서울특별시 동대문구 왕산로36길 6, 힐스테이트 청량리 더퍼스트 201~207호, 209~211호 (전농동)",https://thehealddm.com,02-960-3469,X,X
174,1776089862215,더힐피부과의원,"서울특별시 마포구 마포대로 68, 5층 503~505호 (도화동, 마포아크로타워)",http://thehealmapo.com/,02-707-1020,X,X
175,1776089862216,더힐피부과의원,"서울특별시 송파구 올림픽로 329, 432~438호 (신천동)",https://thehealjamsil.com/,02-417-1102,X,X
177,1776089862222,데이뷰의원명동점,"서울특별시 중구 남대문로 90, 명동N빌딩 6층 (남대문로2가)",https://daybeauclinic11.com/branch/index.php,02-6325-7771,X,X
180,1776089862238,동대문닥터스피부과의원,"서울특별시 동대문구 왕산로 186, 청량리역 우남SL타워300 2층 203~216호 (전농동)",https://www.doctors365.co.kr/branch/dongdaemun.php,02-6949-1201,O,O
181,1776089862239,동대문메이퓨어의원,"서울특별시 중구 장충단로 253, 헬로우APM 10층 4,5호 (을지로6가)",https://www.maypureclinic.com/,02-2278-9990,X,X
182,1776089862240,동대문밴스의원,"서울특별시 중구 장충단로 275, 두산타워빌딩 B1층 92호 (을지로6가)",https://dongdaemun.vandsclinic.co.kr/,02-6956-0876,O,O
187,1776089862245,동안성형외과의원,"서울특별시 강북구 도봉로 38, 2층 (미아동)",https://donganps.com/,02-980-3537,X,X
190,1776089862256,드림페이스의원,"서울특별시 마포구 양화로 196, 동성빌딩 2층 (동교동)",https://dream-face.co.kr/,02-337-0057,X,X
192,1776089862268,디아브의원,"서울특별시 중구 퇴계로 109, 6층 (충무로1가)",https://diav.clinic/,02-318-1314,X,X
194,1776089862282,디오디피부과의원,"서울특별시 용산구 한강대로 95, 2층 213,214호 (한강로2가, 래미안용산)",https://dodskinys.com/,02-6925-0409,X,X
195,1776089862285,디온의원,"서울특별시 송파구 올림픽로 96, 동신빌딩 2층 202호 (잠실동)",https://theonclinic-js.com/,02-6949-3310,X,X
196,1776089862298,라두스의원,"서울특별시 노원구 덕릉로 663-6, 지하1,지상1,2층 (중계동)",https://ladouceclinic.co.kr/,02-6952-6332,X,X
197,1776089862300,라렌의원,"서울특별시 성동구 왕십리로 410, L동 208호 (하왕십리동, 센트라스)",http://lareinegroup.co.kr,02-2299-2733,X,X
198,1776089862301,라렌의원,"서울특별시 마포구 월드컵북로 396, B1005,1006,1007호 (상암동, 누리꿈스퀘어)",http://sangam.lareinegroup.co.kr/,02-305-8233,X,X
199,1776089862302,라르떼의원,"서울특별시 강북구 도봉로 320, 3층 (번동, 제이제이타워)",http://larte.kr/,02-907-3700,X,X
200,1776089862308,라마르의원,"서울특별시 동작구 동작대로 109, 5층 (사당동, 경문빌딩)",http://www.isu-lamarskin.com,02-537-8575,X,X
201,1776089862313,라미에르의원,"서울특별시 종로구 종로 19, 르메이에르종로타운1 204,205호 (종로1가)",http://www.lamiereskin.co.kr/,02-733-5775,X,X
202,1776089862314,라미체성형외과의원,"서울특별시 송파구 백제고분로7길 14, 2,4층 (잠실동, 태원빌딩)",https://lamiche-ps.com/,02-425-7070,X,X
203,1776089862315,라민의원,"서울특별시 중구 무교로 19, 더익스체인지서울몰 5층 (무교동)",https://www.lamine.co.kr/language,02-772-9770,X,X
204,1776089862325,라엘르의원,"서울특별시 용산구 한강대로 286-2, 2층 (남영동)",http://www.la-aille.com/,02-749-0126,X,X
205,1776089862326,라온피부과의원,"서울특별시 성동구 고산자로 234, 5층 5-1호 (행당동)",https://raonderma.com/,02-2299-7975,X,X
206,1776089862335,라인업의원,"서울특별시 동작구 동작대로 119, 4층 (사당동, 금성빌딩)",www.lineupclinic.co.kr/,3477-7412,X,X
208,1776089862343,라클라라의원,"서울특별시 도봉구 도봉로150다길 22, 4,5,6층 (방학동)",https://www.laclara.co.kr/,02-3493-8575,X,X
209,1776089862348,라플레르의원,"서울특별시 동대문구 왕산로32길 7, 5층 (용두동, BYC청량리오피스텔)",http://www.lafleurclinic.com/,02-960-1401,X,X
211,1776089862352,래인의원,"서울특별시 종로구 삼봉로 94, 94빌딩 205,206호 (공평동)",http://www.leinclinic.com,02-6272-4194,X,X
213,1776089862373,로바에의원,"서울특별시 마포구 양화로 165, 7층 (동교동)",https://lovaeclinic.com/?utm_source=naver&utm_medium=place,02-6951-5525,X,X
214,1776089862381,로젤의원,"서울특별시 노원구 동일로 1419, 디와이홀딩스(주)빌딩 301호 (상계동)",https://www.rozel.co.kr/,02-6956-5750,X,X
216,1776089862388,루미의원,"서울특별시 송파구 백제고분로 204, (삼전동, 5층)",https://www.lumiclinic.co.kr/,02-419-1900,X,X
217,1776089862391,루비의원,"서울특별시 중구 명동길 65, 보림빌딩 5층 (명동1가)",https://www.rubyclinic.co.kr/,774-8575,X,X
218,1776089862393,루비의원,"서울특별시 마포구 큰우물로 64, 4층 (용강동)",https://www.rubyclinic-mapo.com/,02-707-0772,X,X
220,1776089862404,룩엣미의원,"서울특별시 송파구 송파대로 155, NH송파농협 3층 (문정동)",https://www.lookatmemj.com/,02-443-1170,X,X
222,1776089862411,르미엘성형외과의원,"서울특별시 종로구 종로 120, 동영타워 3층 일부호 (종로3가)",http://lemielps.com/,02-1800-8204,X,X
223,1776089862412,르비브의원,"서울특별시 동작구 동작대로 83, 헤라피스빌딩 2층 (사당동)",https://reviv.kr/,02-585-7588,X,X
225,1776089862418,리나인의원,"서울특별시 중구 소공로 116, 서울센타빌딩 2층 (소공동)",https://www.renine.kr/,02-318-7379,X,X
226,1776089862421,리뉴미피부과의원,"서울특별시 중구 을지로 251, 을지회관 2층 203호 (을지로6가)",http://www.rnmeskin.com,02-2275-5085,X,X
227,1776089862424,리뉴미피부과의원,"서울특별시 송파구 올림픽로 114, 서경빌딩 9층 (잠실동)",https://www.rnmeskin.com/medical/medical_0605.htm?numb=1,02-413-2303,X,X
228,1776089862427,리뉴피부과의원,"서울특별시 동작구 상도로 246, 더라함 3층 (상도동)",http://renewskin.co.kr/,02-813-8111,X,X
230,1776089862430,리더스피부과의원,"서울특별시 양천구 목동동로 257, B1층 (목동, 현대하이페리온)",http://www.beautyleader.co.kr,02-2163-3973,X,X
232,1776089862438,리멤버피부과의원,"서울특별시 노원구 동일로 1380, 상계동 국민은행 5층 (상계동)",https://rememberno1.com,02-936-8253,X,X
233,1776089862439,리멤버피부과의원,"서울특별시 송파구 올림픽로37길 130, 파크리오 A동 5층 508,509호 (신천동)",https://rememberjs.com/,02-420-8877,X,X
234,1776089862441,리멤버피부과의원,"서울특별시 중구 다산로 128-1, 5층 (신당동)","http://rememberys.com
",02-2234-7575,X,X
235,1776089862444,리버스의원,"서울특별시 마포구 양화로 165, 상진빌딩 13층 (동교동)",http://www.reverseclinic.com/,02-1544-0890,X,X
236,1776089862445,리버스의원,"서울특별시 노원구 상계로 70, 화랑빌딩 6층 (상계동)",http://nw.reverseclinic.com,070-4323-5541,X,X
237,1776089862446,리버스의원,"서울특별시 중구 명동길 26, 유네스코회관 8층 (명동2가)",http://md.reverseclinic.com,1544-0890,X,X
238,1776089862449,리베리의원,"서울특별시 마포구 월드컵로 200, SJ라벨라상암 11층 (성산동)",https://mp.reberryclinic.com/bfaf.do,02-2039-3777,X,X
239,1776089862451,리본의원,"서울특별시 동작구 상도로 93, 3층 (상도동)",http://reborncorea.com/,02-6964-8575,X,X
240,1776089862468,리엔장의원,"서울특별시 중구 명동길 14, Noon Square 5층 (명동2가)","https://intro.lienjang.net/re/Tzwcvu
",02-3789-3625,X,X
241,1776089862469,리엔장의원,"서울특별시 마포구 양화로18길 3, 삼양세븐스프링스 4층,6층 (동교동)",https://intro.lienjang.net/re/Vzqfek,02-333-3625,X,X
242,1776089862470,리엔장의원,"서울특별시 양천구 오목로 325, 대학빌딩 2층 203, 204호 (목동)",https://intro.lienjang.net/re/Tjwjyk,2651-3625,X,X
243,1776089862471,리엘르의원,"서울특별시 마포구 양화로 162, 좋은사람들 빌딩 1301호 (동교동)",http://www.re-ele.com,02-2088-2087,O,X
244,1776089862472,리엘르의원,"서울특별시 중구 명동길 14, Noon Square 5층 (명동2가)",https://md.re-ele.com/,02-3789-2086,O,X
245,1776089862476,리영의원,"서울특별시 송파구 위례성대로 6, (방이동, 현대토픽스 3층 301호)",http://www.reyoung.co.kr,02-421-5550,X,X
246,1776089862484,리윤피부과의원,"서울특별시 송파구 양재대로 1164, 홍일빌딩 502호,503호 (오금동)",http://www.leeyoonskin.com/,02-443-8575,X,X
247,1776089862486,리의원,"서울특별시 용산구 한남대로20길 21-18, 4층 (한남동)",http://www.reclinic.co.kr/,02-526-9494,X,X
248,1776089862492,리즈온의원홍대점,"서울특별시 마포구 홍익로 25, 5층 (서교동)",http://hongdae.lizonclinics.co.kr,02-335-3522,X,X
250,1776089862494,리진의원,"서울특별시 중구 남대문로 55, 프리즈마111 3층 (남대문로2가)",https://www.lijinclinic.com/,02-2039-3585,X,X
251,1776089862501,리퓨어피부과의원,"서울특별시 중랑구 면목로 319, 삼성종합프라자 2층 우측호 (면목동)",http://www.repure.kr/2013/,02-466-9033,X,X
255,1776089862518,마리앤라인의원,"서울특별시 종로구 대학로 130, 5층 (동숭동)",http://www.doctormarie.co.kr,02-718-8000,X,X
256,1776089862521,마이닥터의원,"서울특별시 동작구 사당로14길 13, 골든빌딩 2층 (사당동)",http://www.mydrclinic.co.kr/,02-522-1020,X,X
257,1776089862524,마이디피부과의원,"서울특별시 은평구 연서로 146, (대조동, 3층)",http://www.mydskin.co.kr/,02-355-5533,X,X
258,1776089862525,마이디피부과의원이촌점,"서울특별시 용산구 이촌로 224, 302호 (이촌동, 리버뷰맨션)",http://www.myd-i.com/,02-790-7277,X,X
260,1776089862533,마인드피부과의원,"서울특별시 마포구 양화로18길 3, 3층 (동교동, 삼양세븐스프링스)",https://mindskin.co.kr/,02-333-3133,X,X
261,1776089862536,마포공덕에스앤유피부과의원,"서울특별시 마포구 백범로 178, 마포신영지웰 2층 B204(일부),205,206,207호 (공덕동)",https://www.allskin.co.kr/,02-706-5250,X,X
264,1776089862541,맑고고운의원,"서울특별시 양천구 목동서로 35, 목동프라자 5층 502호 (목동)",http://purebeautyclinic.co.kr/,02-6952-6966,X,X
265,1776089862542,맑은문피부과의원,"서울특별시 중구 퇴계로 447, 3층 314,315,316호 (황학동, 황학아크로타워)",http://www.clearmoon.co.kr/,02-436-7575,X,X
266,1776089862546,맑은성모피부과의원,"서울특별시 중구 동호로 189, (신당동, 톰캣프라자)",http://www.clearmary.com/,02-2231-5382,X,X
267,1776089862547,맑은성심피부과의원,"서울특별시 중랑구 용마산로 503, 3층 (망우동)",http://www.pureheart.kr/,02-437-6152,X,X
269,1776089862551,맑은연세의원,"서울특별시 송파구 송파대로 422, (송파동, 안흥빌딩 2층 2호`)",http://www.pureysclinic.co.kr/,02-413-8251,X,X
273,1776089862563,맥스웰피부과의원,"서울특별시 종로구 종로 33, 그랑서울 601호 일부호 (청진동)",https://jongno.maxwellhair.com/,02-6930-5824,X,X
275,1776089862582,메이린의원,"서울특별시 송파구 올림픽로 240, 롯데호텔월드 지하1층 일부호 (잠실동)",https://maylin.co.kr/jamsillottehotel/,02-2143-1016,X,X
276,1776089862583,메이린의원,"서울특별시 성동구 아차산로 74, SHENB 타워 3층 (성수동2가)",https://maylin.co.kr/seongsu/,02-6457-0101,X,X
277,1776089862585,메이비의원,"서울특별시 양천구 목동동로 233-1, 드림타워 201,202호 (목동)",http://www.maybeclinic.co.kr/,02-2655-2540,X,X
279,1776089862594,메이퓨어의원,"서울특별시 양천구 목동동로 293, 현대41타워 지하1층 B-01-2호 (목동)",https://www.maypureclinic.com/mokdong,02-2649-9960,X,X
280,1776089862595,메이퓨어의원,"서울특별시 성동구 왕십리로 326, 세신빌딩 14층 (도선동)",https://www.maypureclinic.com/wangsimni,02-2296-5628,X,X
282,1776089862597,메이퓨어의원,"서울특별시 마포구 월드컵북로2길 57, 5층 501호 (동교동)",https://www.maypureclinic.com/hongdae-entrance,02-3141-9979,X,X
283,1776089862599,메이퓨어의원,"서울특별시 노원구 중계로 201, 오성프라자 4층 (중계동)",https://www.maypureclinic.com/junggye-eunhaeng-sageori,0000-0000,X,X
284,1776089862600,메이퓨어의원,"서울특별시 중구 세종대로11길 42, 부림빌딩 501,502호 (서소문동)",https://www.maypureclinic.com/city-hall-station,02-774-7774,X,X
285,1776089862606,멘드의원,"서울특별시 용산구 독서당로 70, 현대리버티하우스 305호 (한남동)",http://mendclinic.kr/,02-595-5110,X,X
286,1776089862608,멜로우피부과의원,"서울특별시 도봉구 마들로13길 61, B103-2호, 301-3호 (창동)",https://www.doctormellow.com/,02-6077-8811,X,X
288,1776089862613,명동2호점밴스의원,"서울특별시 중구 퇴계로 109, 4,5,7층 (충무로1가)",https://myeongdong2.vandsclinic.co.kr/,02-6956-5113,O,O
289,1776089862614,명동고운세상피부과의원,"서울특별시 중구 퇴계로 131, 3층 308~311호 (충무로2가, 신일빌딩)",http://www.beautyforever.co.kr,02-755-5411,X,X
290,1776089862615,명동닥터에버스의원,"서울특별시 중구 퇴계로 131, 신일빌딩 5,6층 (충무로2가)",https://evers.co.kr/,02-318-2010,X,X
291,1776089862616,명동리더스피부과의원,"서울특별시 중구 퇴계로 72, 지하1층 116호 (회현동1가, 리더스뷰남산)",http://www.beautyleader.co.kr,02-6677-1945,X,X
292,1776089862617,명동리베리의원,"서울특별시 중구 명동10길 58, 신일빌딩별관 201,301호 (충무로2가)",https://reberryclinic.com/,02-2088-7070,X,X
294,1776089862619,명동벤자민피부과의원,"서울특별시 중구 남대문로 90, 세미콜론명동 15층 (남대문로2가)",https://benjaminclinicmd.com,02-6272-7007,X,X
295,1776089862620,명동뷰티온의원,"서울특별시 중구 남대문로 90, 세미콜론명동 16층 (남대문로2가)",https://myeongdong.beautyon.co.kr/,02-6956-7255,X,X
296,1776089862621,명동비엘에스의원,"서울특별시 중구 명동8가길 11, 이화빌딩(명동) 5~6층 (충무로2가)",https://www.blsclinic7.com/,02-310-9968,X,X
297,1776089862622,명동아이디의원,"서울특별시 중구 남대문로 90, 세미콜론명동 18,19층 (남대문로2가)",https://md.idclinic.co.kr/,02-2088-8678,X,X
298,1776089862623,명동점라라의원,"서울특별시 중구 남대문로 68, 5층 (명동2가)",http://myeongdonglala.co.kr/,02-318-7944,X,X
299,1776089862624,명동플랜에스의원,"서울특별시 중구 명동8나길 7, 3~5층 (충무로1가)",https://md.plansclinic.com,1877-3608,X,X
303,1776089862664,목동고운세상피부과의원,"서울특별시 양천구 오목로 281, 1층 (목동)",http://www.beautyforever.co.kr,02-2607-4378,X,X
308,1776089862669,목동미소가인피부과의원,"서울특별시 양천구 오목로 345, 목동 슬로우스퀘어 5층 (목동)",http://www.misogain.co.kr/intro/mokdong/index.jsp,02-2643-9900,X,X
311,1776089862673,목동톡스앤필의원,"서울특별시 양천구 신정중앙로 103, 4층 (신정동)",https://www.toxnfill41.com/,02-2692-1131,X,X
312,1776089862681,뮤즈의원,"서울특별시 마포구 서강로 136, 아이비타워 7층 (노고산동)",http://sinchon.museclinic.co.kr/,02-2138-0991,X,X
313,1776089862682,뮤즈의원,"서울특별시 중구 퇴계로 97, 고려대연각타워 3층 301호,302호 (충무로1가)",https://myeongdong.museclinic.co.kr/,02-754-5599,X,X
314,1776089862683,뮤토엘성형외과의원,"서울특별시 용산구 한강대로23길 25, 로카우스 호텔 지1층 3호 (한강로3가)",https://www.mutoelps.com/,02-2138-2805,X,X
317,1776089862689,미라벨의원,"서울특별시 중구 동호로 163, 3층 301호 (신당동)",https://www.mirabelclinic.co.kr/,02-2038-0070,X,X
323,1776089862699,미러의원,"서울특별시 송파구 송파대로 111, 205동 411,412호 (문정동, 파크하비오 하비오타워)",http://www.mirrorclinic.com/,02-400-8077,X,X
325,1776089862709,미셀의원,"서울특별시 양천구 등촌로 6, 2층 (목동, 상지빌딩)",http://mecell.net/#,02-2642-1130,X,X
326,1776089862710,미소가인피부과의원,"서울특별시 마포구 마포대로 68, 602호 (도화동, 마포아크로타워)",http://www.misogain.co.kr/mp/index.do,02-704-9077,X,X
327,1776089862713,미소가인피부과의원,"서울특별시 은평구 통일로 1080, 은평뉴타운솔하임 A동 2층 202,203-1호 (진관동)",http://www.misogain.co.kr/ep/index.do,02-387-7579,X,X
328,1776089862716,미소앤유의원,"서울특별시 동작구 사당로 230-1, 4층 (사당동, 미래빌딩)",http://www.minuclinic.com,02-523-3575,X,X
329,1776089862718,미소지앤의원,"서울특별시 은평구 통일로67길 3, 6층 (대조동)",https://www.misozn.co.kr/,02-376-7572,X,X
332,1776089862722,미아사거리톡스앤필의원,"서울특별시 강북구 도봉로 34, 2층 (미아동, 트레지오빌딩)",https://www.toxnfill39.com/,02-983-7585,X,X
334,1776089862725,미앤미의원,"서울특별시 강북구 도봉로 324, 6층 (번동, 글로리타워)",http://www.y365.co.kr,02-999-1101,X,X
335,1776089862727,미앤미의원,"서울특별시 노원구 동일로 1401, 6층 (상계동, 상아빌딩)",https://www.mipretty.co.kr/,02-934-1111,X,X
336,1776089862729,미앤아이의원,"서울특별시 마포구 망원로8길 39, 2층 (망원동)",http://md-meiclinic.co.kr,02-2061-6588,X,X
337,1776089862731,미앤지의원,"서울특별시 중랑구 면목로39길 8, 한성빌딩 7층 (면목동)",http://www.esupia.com/,02-433-0107,X,X
338,1776089862739,미인동안의원,"서울특별시 양천구 공항대로 532, 3층 (목동)",http://www.miindongan.co.kr/,02-2651-3407,X,X
341,1776089862749,민앤정의원,"서울특별시 종로구 종로5길 7, Tower 8 203호 (청진동)",http://minandjeong.com/,02-333-3901,X,X
343,1776089862753,밀락씨의원,"서울특별시 성동구 한림말길 56, 강변벽산빌라트 2층 203호, 204호 (옥수동)",http://milaccclinic.com,02-2294-1233,X,X
344,1776089862755,밀리의원,"서울특별시 마포구 신촌로 104, 2(일부)층 (노고산동)",https://sinchon.miliclinic.com,02-6337-1212,X,X
345,1776089862764,바로바디의원,"서울특별시 송파구 송파대로 98, 선도빌딩 5층,6층 일부호 (문정동)",http://barobadi.com/,02-431-5714,X,X
347,1776089862773,바이린의원,"서울특별시 중랑구 용마산로 670, C동 231~233호 (망우동, 신내역 프라디움 더 테라스)",https://bylynnclinic.co.kr/,02-2135-6506,X,X
348,1776089862779,박가정의원,"서울특별시 노원구 상계로27길 15, (상계동, 석경빌딩)",http://www.drparks.co.kr,02-936-4644,X,X
352,1776089862794,밝은얼굴의원,"서울특별시 동작구 사당로 224, 2층 (사당동)",http://thebrightface.com/,02-598-8959,X,X
358,1776089862803,백피부과의원,"서울특별시 마포구 연희로 5, 2층 (동교동)",https://skindr.co.kr/,02-334-1484,X,X
360,1776089862807,밴스의원,"서울특별시 마포구 마포대로 68, 3,5층 306,307,506A,507A,507B호 (도화동, 마포아크로타워)",https://mapo.vandsclinic.co.kr/,02-707-0595,X,X
361,1776089862809,밴스의원,"서울특별시 중구 남대문로 90, 세미콜론명동 11,12층 (남대문로2가)",https://myeongdong.vandsclinic.co.kr/,02-6956-5516,X,X
362,1776089862812,밴스의원,"서울특별시 성동구 아차산로 107, 1층 (성수동2가)",https://seongsu.vandsclinic.co.kr/,02-6956-0046,X,X
363,1776089862814,밴스의원,"서울특별시 용산구 새창로 217, 용산토투밸리 15층 1501호 (한강로2가)",https://yongsan.vandsclinic.co.kr,02-6956-0059,X,X
364,1776089862817,밴스의원,"서울특별시 송파구 송파대로 562, 4층 (신천동, 웰리스타워,삼성웰리스아파트)",https://vandsclinic.co.kr/,02-6956-0474,X,X
365,1776089862818,밴스피부과의원,"서울특별시 마포구 양화로 148, 탑라인타워 5,6층 (동교동)",https://hongdae.vandsclinic.co.kr/,02-6956-0650,X,X
366,1776089862823,베러미의원,"서울특별시 송파구 올림픽로 108, 맥스빌딩 5층 (잠실동)",https://jamsil.bettermeclinic.co.kr/,,X,X
367,1776089862824,베르니포레의원,"서울특별시 성동구 서울숲2길 32-14, B107호 (성수동1가, 갤러리아포레)",http://www.verniclinic.co.kr,02-355-0117,X,X
371,1776089862847,벨아미-리노보의원,"서울특별시 마포구 양화로 176, 동교동 스타피카소 5층 5FB74호,5FB75호호 (동교동)",http://www.renovoh.co.kr,02-3141-4282,X,X
374,1776089862863,본피부과의원,"서울특별시 양천구 목동동로 293, 현대41타워 5층 501,502호 (목동)",http://bonskinclinic.com/,02-2062-8700,X,X
375,1776089862864,봄날애의원,"서울특별시 동대문구 장한로25길 2, 7층 (장안동)",https://bomnale.co.kr/,02-2216-8275,X,X
376,1776089862865,봄눈피우다의원,"서울특별시 마포구 양화로 192, 3층 (동교동)",https://springeye.co.kr/,02-6925-1215,X,X
377,1776089862867,봄봄피부과의원,"서울특별시 송파구 송파대로 345, 1A동 5층 5012호 (가락동, 헬리오시티)",http://bombomderma.com/,02-544-0097,X,X
380,1776089862877,뷰다임의원,"서울특별시 양천구 목동서로 159-1, 3층 (목동, 기독교방송국건물)",http://www.beaudigm.com,02-2643-1333,X,X
381,1776089862884,뷰티라운지의원,"서울특별시 송파구 올림픽로 289, 잠실시그마타워 12층 1201호 (신천동)",http://jamsil.beautyloungeclinic.co.kr/,02-2135-1995,X,X
382,1776089862885,뷰티라운지의원,"서울특별시 양천구 목동동로 293, 현대41타워 404호 (목동)",http://mokdong.beautyloungeclinic.co.kr/,02-569-8808,X,X
383,1776089862886,뷰티라운지의원,"서울특별시 용산구 한강대로 109, 용성비즈텔 지하1층 (한강로2가)",http://yongsan.beautyloungeclinic.com/,02-2135-7884,X,X
385,1776089862888,뷰티라운지의원,"서울특별시 중구 퇴계로 109, 8층 801호 (충무로1가)",http://myeongdong.beautyloungeclinic.com/,02-6952-7971,O,X
387,1776089862893,뷰티스톤의원,"서울특별시 마포구 양화로 45, 몰동 1층 133호~135호, 2층 215호~220호 (서교동, 메세나폴리스)",https://beautystone1.com/,02-3144-0107,X,X
388,1776089862898,뷰티유의원,"서울특별시 마포구 양화로 165, 상진빌딩 12층 (동교동)",http://beautyuclinic.co.kr/,02-332-5507,X,X
391,1776089862919,블루미의원,"서울특별시 중구 명동3길 44, 5층 (을지로2가)",https://bloomingclinic.co.kr/,02-777-0818,X,X
392,1776089862920,블리비의원,"서울특별시 양천구 오목로 340, 협성빌딩 A동 6층 (목동)",https://www.velyb.kr/,1833-8497,X,X
393,1776089862921,블리비의원,"서울특별시 동대문구 왕산로 190, 청량리렉스프라임 2층 (전농동)",https://www.velyb.kr/,1833-2789,X,X
394,1776089862926,블리비의원,"서울특별시 마포구 양화로 161, 케이스퀘어 4층 (동교동)",http://www.velyb.kr/,1833-2141,X,X
395,1776089862927,블리비의원,"서울특별시 중구 남대문로 84, 6층 (남대문로2가)",https://www.velyb.kr/,1833-9941,X,X
396,1776089862928,블리비의원,"서울특별시 노원구 동일로 1413, 남성빌딩 2층 (상계동)",https://www.velyb.kr/,1833-7729,X,X
397,1776089862929,블리비의원,"서울특별시 송파구 올림픽로 289, 잠실시그마타워 4층 (신천동)",https://www.velyb.kr/,1833-2787,X,X
398,1776089862930,블리비의원,"서울특별시 용산구 새창로 217, 용산토투밸리 2층 227~241, 252~280호 (한강로2가)",https://www.velyb.kr/,02-1833-8677,X,X
400,1776089862936,비본영의원,"서울특별시 성동구 왕십리로 125, KD타워 1층 103호 (성수동1가)",https://www.bebornyoung.com/,02-6956-8644,X,X
402,1776089862942,비스포크의원,"서울특별시 마포구 마포대로 109, 3층 301호 (공덕동, 롯데캐슬프레지던트)",https://bespokeclinic.co.kr/,02-6925-1777,X,X
403,1776089862947,비앤비의원,"서울특별시 종로구 지봉로 43, 4층 (창신동)",http://www.bnbclinic.co.kr/,02-762-7588,X,X
405,1776089862955,비엘티의원,"서울특별시 중구 장충단로 263, 밀리오레상가건물 13층 4호 (을지로6가)",http://www.bltclinic.co.kr/,02-3393-1293,X,X
407,1776089862960,비원클리닉의원,"서울특별시 마포구 양화로 125, 경남관광빌딩 6층 (서교동)",https://hd.benme.net/ps/index.php,02-337-7747,X,X
415,1776089862979,뽀얀피부과의원,"서울특별시 종로구 종로 128, 5층 (종로3가, 화영빌딩)",http://www.poyan.co.kr/,02-2273-5118,X,X
416,1776089862983,쁨글로벌의원,"서울특별시 마포구 양화로 140, 4층, 11층 (동교동)",http://www.ppeum6.com/,02-322-3366,X,X
417,1776089862985,쁨글로벌의원,"서울특별시 중구 남대문로 84, 3~5층 (남대문로2가)",https://www.ppeum16.com/new/main/main.php?,02-752-8887,X,X
418,1776089862987,사계절예쁨의원,"서울특별시 강북구 도봉로 30, 에코피아빌딩 6층 601~603호 (미아동)",http://allseasons4.kr/,02-980-2825,X,X
423,1776089862998,산소의원,"서울특별시 종로구 수표로 105, 3층 (종로2가, 육의전빌딩)",http://www.sansoclinic.co.kr,02-733-7343,X,X
424,1776089863000,산타클로스의원,"서울특별시 송파구 백제고분로 365, 태문빌딩 7층 (석촌동)",https://santaps.co.kr/,02-422-1225,X,X
439,1776089863031,상봉비브톤의원,"서울특별시 중랑구 면목로 492, 주연빌딩 5층 (상봉동)",https://sb.vivtone.kr/,02-433-7969,X,X
443,1776089863041,새하얀피부과의원,"서울특별시 은평구 은평로 200-1, 4층 (응암동, 삼영빌딩)",http://www.whitskin.com,02-353-5600,X,X
445,1776089863044,샤이니의원,"서울특별시 성동구 마조로 47, 양광빌딩 3,4층 (행당동)",http://www.shinyclinic.co.kr/,02-2282-7175,X,X
446,1776089863045,샤인더마의원,"서울특별시 성동구 왕십리로 331, 공영빌딩 4층 (하왕십리동)",https://shinederma.com/,02-6951-1870,X,X
448,1776089863048,샤인빔의원,"서울특별시 노원구 노해로 460, 현대증권빌딩 (상계동)",https://nowon.shinebeam.co.kr/,1544-0154,O,X
449,1776089863049,샤인빔의원,"서울특별시 마포구 양화로 151, 5층, 6층, 7층 (동교동)",https://hongdae.shinebeam.co.kr/,02-1544-5598,O,X
450,1776089863054,샤인의원,"서울특별시 마포구 월드컵북로 434, 207호 (상암동, 상암아이티타워)",http://hyunskin.net/,6922-2003,X,X
452,1776089863056,샤인의원,"서울특별시 강북구 숭인로 63, 송원빌딩 4층 (미아동)",https://shineclinic.kr/,02-989-7654,X,X
453,1776089863062,서아송피부과의원,"서울특별시 송파구 올림픽로 106, 6층 (잠실동, 상록빌딩)",http://www.sasclinic.com/,02-425-3133,X,X
455,1776089863067,서울경희365의원,"서울특별시 양천구 목동동로 293, 현대41타워 2층 204호 (목동)",https://mokdongkh365.medisay.co.kr/,02-6941-1310,X,X
458,1776089863080,서울라인성형외과의원,"서울특별시 동대문구 천호대로 295, 2층 (답십리동)",http://www.seoulline.com,02-2214-8001,X,X
460,1776089863088,서울미라클의원,"서울특별시 양천구 중앙로 232, 2,3,4층 (신정동)",http://www.seoulmiracle.kr/,02-6952-7503,X,X
461,1776089863090,서울베데스다의원,"서울특별시 송파구 백제고분로 283, 지하1,2~7층 (석촌동)",http://www.bdclinic.com/,02-6978-9299,X,X
462,1776089863093,서울봄연합의원,"서울특별시 강북구 삼양로 579, 화성빌딩 2~4층 (우이동)",https://www.seoulbom.com/,02-907-0304,X,X
465,1776089863097,서울새로운피부과의원,"서울특별시 양천구 오목로 279, 현대프라자 4층 401,407호 (목동)",https://denovo.kr/,02-6956-1367,X,X
467,1776089863099,서울숲정의원,"서울특별시 성동구 고산자로2길 67, 서울숲리버뷰자이 상가1동 1202호, 1203일부호 (행당동)",https://seoulforestjungfm.modoo.at/,02-2294-6990,X,X
468,1776089863100,서울스마트본의원,"서울특별시 송파구 오금로 396, 2층 203~204,208호 (가락동, 에스케이허브파크)",http://www.seoulsmartbon.com/,02-6473-1004,X,X
469,1776089863104,서울아트피부과의원,"서울특별시 동대문구 휘경로 6, 사이버한국외국어대학교 제2교사 4층 (이문동)",https://seoulartclinic.modoo.at,02-966-1357,X,X
470,1776089863114,서울연세의원,"서울특별시 동대문구 이문로 188, 2,3층 (이문동)",http://m.xn--2i4b2bx4r3ward78a.com/,02-966-1612,X,X
474,1776089863120,서울올업피부과의원,"서울특별시 성동구 아차산로 92, S TOWER 10층 (성수동2가)",http://www.allup.kr/,02-466-3669,X,X
476,1776089863125,서울의원,"서울특별시 강북구 도봉로 324, 11층 (번동, 글로리타워)",http://www.seoulkim.co.kr,02-997-4890,X,X
481,1776089863134,서울중앙의료의원,"서울특별시 중구 소공로 70, 서울중앙우체국청사 지하3층 (충무로1가)",http://www.scc-health.com,02-6450-5500,X,X
484,1776089863137,서울진피부과의원,"서울특별시 노원구 동일로 1402, 3층 (상계동, 기업빌딩)",http://www.jinskin.net/,02-931-7075,X,X
491,1776089863150,서울힐링의원,"서울특별시 종로구 종로 193, 세진빌딩 5층 (종로4가)",https://seoulhealing.modoo.at/,02-6925-1119,X,X
492,1776089863157,서피부과의원,"서울특별시 마포구 양화로 128, (서교동)",http://www.seoderma.co.kr/,02-334-2898,X,X
494,1776089863163,설피부과의원,"서울특별시 양천구 오목로 300, 206동 3층 309호 (목동, 현대하이페리온2)",http://www.seolskin.com/index.asp,2646-7577,X,X
496,1776089863170,성수멜팅의원,"서울특별시 성동구 아차산로 113, 삼진빌딩 4층 403호 (성수동2가)",https://www.meltingclinic.com/,02-468-7179,X,X
501,1776089863178,세가지소원의원 명동점,"서울특별시 중구 명동8가길 33, 3층 (충무로2가)",https://twmyeongdong.com/,02-778-2500,X,X
502,1776089863185,세린의원,"서울특별시 성동구 아차산로 122, 백석빌딩 4층 (성수동2가)",https://sereneclinic.kr/,02-499-9956,,
505,1776089863197,센스피부과의원,"서울특별시 송파구 올림픽로35길 112, 5층 (신천동, 장미상가B동)",http://www.senseclinic.com/,02-414-0058,,
506,1776089863205,셀로디피부과의원 동대문점,"서울특별시 동대문구 이문로 120, 아이파크자이상가 3층 B301,302,303,304,305호 (이문동)",https://ddm.cellodyskin.com/,02-963-5575,,
507,1776089863211,셀린의원,"서울특별시 은평구 연서로 214, 2층 (대조동)",http://www.cellinclinic.com/,02-355-7474,,
508,1776089863212,셀린의원,"서울특별시 노원구 노해로 447, 태웅빌딩 4층 (상계동)",https://www.cellinclinic11.com,1588-0564,,
509,1776089863214,셀린의원,"서울특별시 송파구 올림픽로 111, 4층 401~404호 (잠실동)",https://www.cellinclinic13.com/,02-6949-3663,,
510,1776089863215,셀린의원,"서울특별시 마포구 양화로 162, 15층 (동교동)",https://www.cellinclinic4.com,02-2039-6155,,
511,1776089863216,셀린의원명동점,"서울특별시 중구 남대문로7길 16, 소공 한국빌딩 1층 (소공동)",https://www.cellinclinic8.com,02-3789-0824,,
517,1776089863229,소솜피부과의원,"서울특별시 송파구 올림픽로 289, 잠실시그마타워 4층 (신천동)",http://www.119som.com,02-420-3234,,
519,1776089863235,소중한나의원,"서울특별시 중구 서소문로 120, ENA Center 503호 (서소문동)",http://www.valuable-me.com,318-5036,,
529,1776089863254,수유바로본의원,"서울특별시 강북구 도봉로 308, 북한산스카이빌딩 4층 (번동)",https://www.suyubarobone.co.kr,02-991-7511,,
533,1776089863265,숲피부과의원,"서울특별시 중랑구 망우로 218, 7층 (상봉동)",https://www.soopdermatology.com/,02-435-7524,,
534,1776089863271,스노우의원,"서울특별시 노원구 노해로 459, 메가빌딩 5층 (상계동)",https://nowon-snow.co.kr/,02-2038-9228,,
535,1776089863274,스누피부과의원,"서울특별시 성동구 아차산로 42, 정명빌딩 7,8층 (성수동1가)",https://www.snuderm.com/,02-499-6008,,
537,1776089863287,스타일미의원,"서울특별시 동작구 보라매로5가길 16, 510호 (신대방동, 보라매아카데미타워)",http://www.stylemeclinic.co.kr/,02-832-9359,,
538,1776089863294,스페이스피부과의원,"서울특별시 성동구 독서당로 202, 2층 203호,204호 (옥수동)",http://www.spacederma.co.kr,02-2298-8280,,
539,1776089863298,슬림영의원,"서울특별시 중구 명동8나길 9, 명동근린생활시설 4층 (충무로1가)",https://slimyoung.co.kr/new2023/,02-318-2350,,
552,1776089863343,써밋의원,"서울특별시 중구 세종대로22길 12, 뉴국제호텔 3층 (태평로1가)",https://www.summitclinic.co.kr/,02-739-0119,,
554,1776089863348,씨앤피차앤박피부과의원,"서울특별시 중구 퇴계로 141-7, 뉴서울빌딩 3층 (충무로2가)",http://www.cnpskin.com,777-2488,,
555,1776089863349,아가파의원,"서울특별시 강북구 도봉로 190, 2층 (미아동, 비전빌딩)",http://www.agafarclinic.com/clinic/mia/index.html,987-9981,,
556,1776089863351,아나파의원,"서울특별시 중랑구 동일로109길 49, 2층 (면목동)",http://www.sooyoo.co.kr,02-496-7579,,
557,1776089863355,아란의원,"서울특별시 용산구 독서당로 71, 5층 (한남동)",https://www.aranclinic.co.kr/,02-3785-3690,,
558,1776089863356,아로하피부과의원,"서울특별시 마포구 신촌로 262, 아르띠타워 가동 5층 501호 (아현동)",https://alohaskin.co.kr/,02-6952-4880,,
559,1776089863363,아르스킨의원,"서울특별시 마포구 양화로 164, 동덕타워 5층 (동교동)",https://arskinclinic.co.kr/,02-3143-7767,,
560,1776089863368,아름다운나라피부과의원,"서울특별시 중구 명동8나길 6, 4층 (충무로1가)",http://www.globalanacli.co.kr,02-755-2105,,
561,1776089863369,아름다운미탐의원,"서울특별시 중구 퇴계로 123, 8층 810호 (충무로2가, 하이헤리엇)",http://www.mitam.co.kr,02-3789-1110,,
563,1776089863372,아름다움을써내려가다에피소드의원,"서울특별시 송파구 올림픽로 336, 대우유토피아오피스텔 301호 (방이동)",https://www.episode.clinic/,02-425-2411,,
566,1776089863382,아벨피부과의원,"서울특별시 은평구 진관2로 15-46, 메트로프라자 5, 6층 504, 602호 (진관동)",http://www.abelskin.com/,02-3474-7779,,
567,1776089863384,아비쥬의원,"서울특별시 중구 남대문로 78, 타임워크명동빌딩 지하1층 (명동1가)",http://www.wynnclinic.com,1544-0377,,
568,1776089863386,아비쥬의원,"서울특별시 마포구 양화로 147, 아일렉스 3층 (동교동)",https://abijouclinichd.com/,070-4708-2482,,
569,1776089863387,아비쥬의원,"서울특별시 동대문구 왕산로 214, 청량리역,롯데백화점 7~8층 (전농동)",https://abijouclinic.com/,1544-0377,,
570,1776089863389,아비쥬의원,"서울특별시 양천구 목동로 234, 경원빌딩 2층 (목동)",https://abijouclinic-md.com/,02-2603-0377,,
571,1776089863390,아비쥬의원,"서울특별시 노원구 동일로 1417, 삼양빌딩 2층·5층·6층 (상계동)",https://abijouclinicnw.com/,02-1544-0377,,
572,1776089863393,아비쥬의원,"서울특별시 송파구 올림픽로 96, 동신빌딩 6,7층 (잠실동)",https://abijouclinicsh.com/,1544-0377,,
577,1776089863411,아이브랩의원,"서울특별시 성동구 성수이로 89, MG빌딩 9층 (성수동2가)",https://ivelab.kr,070-4755-9779,,
582,1776089863422,아이피부과의원,"서울특별시 양천구 목동동로 63, (신정동, 대영프라자)",http://whiteipl.com,02-2647-7588,,
588,1776089863464,앤봄의원,"서울특별시 마포구 양화로 162, 좋은사람들 빌딩 701호 (동교동)",https://kr.nbomclinic.com/,02-6952-0147,,
591,1776089863476,어뉴(Anew)의원,"서울특별시 중구 무교로 12, 7층 (무교동, 정오빌딩)",https://anewskin.kr/,02-755-1010,,
596,1776089863495,에비아의원,"서울특별시 중구 명동8가길 11, 이화빌딩(명동) A동 4층 (충무로2가)",https://eviaclinic.com,02-776-7779,,
597,1776089863501,에스리본의원,"서울특별시 마포구 양화로 162, 좋은사람들 빌딩 8층 (동교동)",https://www.s-reborn.com,02-1833-5881,,
599,1776089863509,에스앤유피부과의원,"서울특별시 종로구 종로12길 15, (관철동)",http://www.jongrosnu.com,02-720-7582,,
600,1776089863510,에스앤유피부과의원,"서울특별시 마포구 백범로 178, 2층 A203(일부),204,B202~204(일부)호 (공덕동)",http://www.allskin.co.kr/,02-706-5252,X,X
607,1776089863562,엔트리의원,"서울특별시 중랑구 동일로 786, 2층 (중화동)",http://www.entrymedical.co.kr,02-433-7510,,
608,1776089863567,엘리엇의원,"서울특별시 용산구 이태원로 186, 6층 (이태원동)",http://www.elliotclinic.com/,02-2135-2233,,
614,1776089863581,엠제이(MJ)올피부과의원,"서울특별시 중구 명동8가길 27, 5층 1호 (충무로2가, 선샤인빌딩)",http://www.beautyforever.co.kr,02-777-8275,X,X
623,1776089863612,연세늘봄피부과의원,"서울특별시 도봉구 도봉로 669, 이정빌딩 3층 302호 (방학동)",http://xn--vb0bj0iy4jgoav2mcpik12a.kr/,02-955-9923,,
624,1776089863613,연세다인의원,"서울특별시 동대문구 사가정로 148, 제138동 310-1, 310-2호 (전농동, 전농 SK아파트)",http://dainmc.co.kr,02-2245-7572,,
625,1776089863616,연세동안의원,"서울특별시 마포구 도화길 10, 4층 (도화동)",http://www.vipclinic.co.kr,02-707-1023,,
627,1776089863622,연세로의료의원,"서울특별시 종로구 삼봉로 57, 호수빌딩 3,4,7,8층 (수송동)",http://www.yonseiroclinic.com/,02-6954-0903,,
628,1776089863629,연세마이뷰의원,"서울특별시 동작구 사당로 301, 3층 (사당동)",http://www.mybeauti.co.kr/,02-532-3322,,
630,1776089863631,연세메디노블의원,"서울특별시 용산구 서빙고로 69, 24,26호 (용산동5가, 파크타워아파트)",http://www.medinoble.com,790-2175,,
633,1776089863655,연세사랑의원,"서울특별시 은평구 응암로22길 28-6, 3층 (응암동)",http://cafe.daum.net/pelvicalignment,02-375-7585,,
640,1776089863671,연세신효선성형외과의원,"서울특별시 강북구 도봉로 358, 코스타타워 3층 303호 (번동)",http://www.yonseiclinic.net/,02-905-0690,,
643,1776089863676,연세애드미피부과의원,"서울특별시 도봉구 도봉로 496, 201호 (창동)",http://www.addbeauty.co.kr,02-906-1400,,
644,1776089863678,연세에스웰피부과의원,"서울특별시 종로구 종로 19, 404호 (종로1가, 르메이에르종로타운1)",http://www.swellskin.com/,02-2075-7500,,
645,1776089863680,연세에이앤비피부과의원,"서울특별시 송파구 백제고분로 365, 태문빌딩 3층 (석촌동)",https://www.anbskin.com,02-417-7500,,
651,1776089863687,연세예일의원,"서울특별시 은평구 서오릉로 138, 2층 (대조동)",http://www.ysyale.com/,02-357-6867,,
655,1776089863694,연세위더스의원,"서울특별시 마포구 양화로 178, 11층 (동교동, 목화빌딩)",http://www.wusclinic.co.kr/,02-323-1194,,
660,1776089863704,연세조이의원,"서울특별시 중랑구 면목로 305, 4층 (면목동)",http://www.joyclinic.co.kr,02-495-7775,,
661,1776089863705,연세조이의원,"서울특별시 동작구 상도로 81, 302호 (대방동)",http://www.joyclinic.co.kr,02-816-8300,,
662,1776089863706,연세지움피부과의원,"서울특별시 마포구 서강로 144, 9층 902호 (노고산동)",http://www.ziumskin.com/,02-333-0606,,
665,1776089863710,연세캔버스피부과의원,"서울특별시 송파구 석촌호수로 156, 삼전동썬프라자 3층 (삼전동)",http://yscanvas.com,02-423-9303,,
669,1776089863718,연세팜스의원,"서울특별시 은평구 통일로 767, 2층 226,227호 (대조동, 베르디움STAY1)",http://www.yonseinetwork.com/eunpyeng/index01.html,02-387-2755,,
670,1776089863719,연세플러스의원,"서울특별시 마포구 마포대로 68, (도화동, 아크로타워 307, 308호)",http://ysplusclinic.com/,02-719-6277,,
675,1776089863727,연세희망피부과의원,"서울특별시 송파구 송파대로 167, A동 2층 213호 (문정동, 문정역테라타워)",http://www.heeskin.com/,02-406-0997,,
677,1776089863729,연세힐피부과의원,"서울특별시 송파구 올림픽로 145, (잠실동, 리센츠상가 3층 27-2호, 28호호)",http://www.healskin.co.kr,02-423-5151,,
678,1776089863730,연신내 닥터에버스의원,"서울특별시 은평구 통일로 861, 범일빌딩 7층 (갈현동)",https://evers32.co.kr/,02-2135-4755,,
679,1776089863731,연신내메이퓨어의원,"서울특별시 은평구 통일로 856, 메트로타워 304호 (불광동)",https://maypure.co.kr/,389-9980,,
689,1776089863749,예미고피부과의원,"서울특별시 송파구 올림픽로 119, (잠실동, 파인애플상가 4B-25)",http://www.yemigo.co.kr/,02-425-0044,,
691,1776089863753,예쁜나의원,"서울특별시 동대문구 왕산로 185, 2층 (청량리동)",https://yeppeunna.com/,02-969-8875,,
692,1776089863758,예쁨주의쁨의원,"서울특별시 노원구 동일로 1405, 국민은행노원지점 6층 (상계동)",http://www.ppeum22.com/,02-518-5020,,
694,1776089863763,예솜의원,"서울특별시 송파구 올림픽로 145, (잠실동, 리센츠)",http://www.yesomclinic.co.kr,02-3426-2575,,
697,1776089863770,예안피부과의원,"서울특별시 송파구 오금로 91, 태원빌딩 2층 (방이동)",https://yeanskin.com/,02-424-4242,,
698,1776089863773,예인피부과의원,"서울특별시 양천구 목동동로 379, (목동, 광장상가)",http://yeinskin-md.com/,2643-4476,,
702,1776089863788,오가나셀 피부과의원 동대문점,"서울특별시 동대문구 답십리로 9, 2, 3층 (전농동)",https://oganaskinddm.com/,02-2038-3275,,
703,1776089863790,오가나셀피부과의원,"서울특별시 송파구 올림픽로 300, 롯데월드타워앤드롯데월드몰 11층 일부호 (신천동)",https://oganaskinjamsil.com/,02-6959-5955,,
704,1776089863800,오라클성형외과의원,"서울특별시 동대문구 장한로 119, 3층 318~320호 (장안동, 장안삼성쉐르빌)",http://www.oracleclinic.com/,02-2244-7575,,
705,1776089863802,오라클피부과의원,"서울특별시 은평구 통일로 861, 5층 (갈현동)",http://www.oracleclinic.com/,02-352-2100,,
706,1776089863803,오라클피부과의원,"서울특별시 송파구 백제고분로7길 53, AW TOWER 13층 (잠실동)",https://oraclejs.com/,02-416-2750,,
707,1776089863807,오로지의원,"서울특별시 마포구 월드컵로 79, 유용빌딩 2층 (망원동)",https://www.ohrosie.co.kr/,02-323-8900,,
708,1776089863808,오롯의원,"서울특별시 동작구 서달로 150, 2층 216호 (흑석동, 이랜드해가든)",https://orotclinic.kr/,02-2088-5552,,
709,1776089863809,오르다피부과의원,"서울특별시 마포구 마포대로 208, 효성인텔리안 2층 201호, 202호 (아현동)",https://ordaderma.com/,02-363-8884,,
710,1776089863813,오마스의원,"서울특별시 양천구 오목로 311, 5층 (목동)",https://ohmyskin.clinic/,02-6951-1525,,
712,1776089863818,오블리주의원,"서울특별시 마포구 양화로 165, 상진빌딩 11(일부)층 (동교동)",https://ohvelyjoo.com/,02-393-5541,,
713,1776089863823,오아로피부과의원,"서울특별시 노원구 노해로 507, 4층 4001~4054,4056~4156,4159~4164호 (상계동, 와우쇼핑몰)",https://oaroskin.com/,02-930-1500,,
714,1776089863825,오아로피부과의원,"서울특별시 동작구 사당로 300, 217~220호 (사당동, 이수자이)",http://www.oaro.co.kr,02-6951-0370,,
715,1776089863826,오아로피부과의원 청량리,"서울특별시 동대문구 왕산로 200, 5층 519-525호 (전농동)",http://oarocnn.com,02-967-1064,,
716,1776089863831,오용섭피부과의원,"서울특별시 양천구 중앙로 275, (신정동)",http://www.dermatopia.co.kr/,02-2693-7582,,
720,1776089863849,온오프피부과의원,"서울특별시 송파구 송파대로 141, 르피에드 문정 3층 301호 (문정동)",https://onoffskin.imweb.me/,02-6949-0004,,
721,1776089863859,올의원,"서울특별시 중구 퇴계로 132, LK빌딩 3,4층 (남산동3가)",https://www.allclinic.co.kr/,02-544-1110,,
722,1776089863864,와이디의원,"서울특별시 마포구 새창로 11, (도화동)",https://www.ydskinclinic.com/,02-6941-0120,,
723,1776089863866,와이즈유의원,"서울특별시 중구 명동8가길 52, 3층 (충무로2가)",https://wiseyouclinic.com/,02-777-0528,,
724,1776089863869,왕십리닥터쁘띠의원,"서울특별시 성동구 왕십리로 320, W에비뉴타워 2층 203호 (도선동)",https://wangsimni.doctorpetit.com/,02-2297-1175,,
725,1776089863870,왕십리밴스의원,"서울특별시 성동구 왕십리로 333, 유성빌딩 5층 (하왕십리동)",https://wangsimni.vandsclinic.co.kr/,02-6956-0521,,
735,1776089863883,우리맑은의원,"서울특별시 강북구 도봉로 196-0, (미아동, 삼화빌딩 9층)",http://www.wooriskin.com/,02-987-7711,,
740,1776089863892,우리의원,"서울특별시 노원구 상계로27길 7, 중앙빌딩 2·3·4층 (상계동)",http://www.woori-clinic.co.kr/,02-3392-7575,,
741,1776089863895,우미의원,"서울특별시 중구 명동7길 13, 명동증권빌딩 2층 (명동1가)",https://umi-clinic.com/,02-778-0188,,
745,1776089863903,우태하피부과의원 동대문점,"서울특별시 동대문구 왕산로 151, 왕산빌딩 3층 (제기동)",http://skinddm.com/,02-966-3141,,
746,1776089863904,우태하한승경피부과의원,"서울특별시 용산구 한강대로 312, (갈월동, 하나은행, 우태하피부과, 서울약국)",http://www.wooskin.co.kr/2014_wooskin/,02-754-2590,,
747,1776089863906,웃는세상의원,"서울특별시 중랑구 망우로 203, 215,216호 (중화동, 중화동주상복합)",http://www.smile-clinic.co.kr/,02-493-0101,,
752,1776089863929,위즈앤미의원,"서울특별시 중구 명동7길 21, 401,402,403호 (을지로2가, 명동아르누보센팀)",http://www.wiznmi.com,02-777-0900,,
754,1776089863937,유드림의원,"서울특별시 은평구 통일로 856, 10층 10018호 (불광동, 메트로타워)",http://udreamclinic.com/,02-383-7788,,
755,1776089863942,유리에성형외과의원,"서울특별시 마포구 양화로 165, 12층 1202호 (동교동)",http://www.yurieps.com,02-6956-6279,,
759,1776089863953,유앤미의원,"서울특별시 마포구 양화로 165, 상진빌딩 14층 (동교동)",https://hdyounme.com/,02-332-7893,,
760,1776089863956,유앤아이의원,"서울특별시 송파구 올림픽로 240, 롯데월드 웰빙센터동 3층 1호 (잠실동)",https://www.jsuni114.co.kr/,02-425-6020,,
761,1776089863958,유앤아이의원,"서울특별시 마포구 양화로 162, 5층 (동교동)",https://www.scuni114.co.kr/,02-364-6020,,
762,1776089863962,유앤아이의원,"서울특별시 양천구 목동서로 161, 2층 202,203호 (목동)",https://www.mokuni114.co.kr/,02-6953-0088,,
763,1776089863963,유앤아이의원,"서울특별시 도봉구 마들로11길 51, 4층 (창동)",https://www.cduni114.co.kr/,02-6956-0020,,
764,1776089863965,유앤아이의원명동점,"서울특별시 중구 남대문로 78, 타임워크명동빌딩 3층 301호 (명동1가)",https://www.mduni114.co.kr/,02-6956-6021,,
765,1776089863966,유앤아이피부과의원,"서울특별시 성동구 왕십리로 315, 한동타워 2,3층 (행당동)",https://www.wsnuni114.co.kr/,02-2295-6020,,
766,1776089863967,유앤영피부과의원,"서울특별시 노원구 노해로 480, 8층 (상계동, 조광빌딩)",https://youryoungskin.com/,930-8288,,
767,1776089863968,유앤영피부과의원,"서울특별시 중구 퇴계로 120, 3층 (남산동1가)",https://youryoungskin.com/,02-318-7533,,
770,1776089863977,유온느의원,"서울특별시 마포구 신촌로 92, 신촌카리스빌딩 9층 (노고산동)",https://uonneclinic.co.kr/,02-332-6560,,
772,1776089863990,유픽의원,"서울특별시 마포구 양화로 140, 9층 (동교동)",https://hd.upicclinic.com/,02-6387-1776,,
773,1776089863991,유픽의원,"서울특별시 중구 명동길 14, Noon Square 5층 (명동2가)",https://md.upicclinic.com/,02-6013-9999,,
775,1776089863994,윤스피부과의원,"서울특별시 송파구 동남로 141, 3층 (가락동, 옥산빌딩)",http://www.yoonskin.co.kr/,02-407-1227,,
779,1776089864000,은평아이디의원,"서울특별시 은평구 통일로 869, 서연빌딩 5층 (갈현동)",https://ep.idclinic.co.kr,02-6959-3400,,
780,1776089864001,은평우태하피부과의원,"서울특별시 은평구 연서로 246, 타워크리닉 501,601호 (불광동)",http://epskin.com/,02-352-1675,,
785,1776089864008,의료법인삼성의료재단 강북삼성태평로의원,"서울특별시 중구 세종대로 67, 3층, 지하1,2층 (태평로2가)",https://health.kbsmc.co.kr,02-2001-1140,,
786,1776089864010,의료법인하나로의료재단하나로의원,"서울특별시 종로구 종로 33, 그랑서울 501,502,503호 (청진동)",https://www.hanaromf.com/,02-732-3030,,
788,1776089864012,이가정의원,"서울특별시 중구 퇴계로 447, 3층 307,308,309호 (황학동, 황학 아크로타워)",http://www.leegajeong.co.kr/,2231-5705,,
789,1776089864016,이길주피부과의원,"서울특별시 송파구 중대로 80, 3층 (문정동, 문정프라자)",http://www.hanacli.com/,02-430-6692,,
791,1776089864022,이레피부과의원,"서울특별시 용산구 서빙고로 17, 판매시설동 2층 35~37호 (한강로3가)",https://jirehderma.co.kr,02-6949-3705,,
799,1776089864050,이종호의원,"서울특별시 노원구 동일로 1689, 211호 (상계동, 하이베라스)",http://www.whiteskinclinic.co.kr/,932-9366,,
802,1776089864058,이지함피부과의원,"서울특별시 마포구 신촌로 170, 201~203호 (대흥동, 이대역푸르지오시티)",http://id.ljh.co.kr/,02-706-7600,,
810,1776089864071,이화사랑피부과의원,"서울특별시 동작구 양녕로38길 2, (상도1동)",http://www.ewhaskin.co.kr/,02-824-7500,,
814,1776089864092,자라다의원,"서울특별시 성동구 광나루로 174, 3층~6층 (성수동1가)",https://jarada.kr/,02-511-6913,,
818,1776089864099,잠실고운세상피부과의원,"서울특별시 송파구 올림픽로35길 123, 2층 (신천동, 향군타워)",http://www.beautyforever.co.kr,02-3434-0800,X,X
819,1776089864100,잠실닥터에버스의원,"서울특별시 송파구 올림픽로35다길 42, 한국루터회관 6층 일부층 (신천동)",https://evers13.co.kr/,02-425-2010,,
823,1776089864104,잠실비엘에스의원,"서울특별시 송파구 석촌호수로 61, 트리지움 306호,307호 (잠실동)",http://www.pmclinic.co.kr/,02-419-1175,,
825,1776089864106,잠실애슬리의원,"서울특별시 송파구 오금로 81, 송파빌딩 15층 (방이동)",https://www.athleyclinic.com/,02-6956-0120,,
826,1776089864107,잠실에프엠의원,"서울특별시 송파구 올림픽로 119, 잠실파인애플상가 5층 13호 (잠실동)",https://fmclinic.co.kr/,02-419-0919,,
827,1776089864108,잠실예쁨주의쁨의원,"서울특별시 송파구 올림픽로 96, 동신빌딩 4층 401호 (잠실동)",https://www.ppeum27.com/,02-564-8881,,
828,1776089864109,잠실온피부과의원,"서울특별시 송파구 송파대로 562, 5층 (신천동, 웰리스타워,삼성웰리스아파트)",https://ondermatology.com/,02-6426-2848,,
831,1776089864113,재단법인 한국산업보건연구재단 서울디엠씨건강의원,"서울특별시 마포구 성암로 179, 한샘상암 15층 (상암동)",https://www.dmchc.org/,02-1522-7009,,
837,1776089864134,제너리스의원 연신내점,"서울특별시 은평구 연서로 216, 1동 3층 301호 (대조동, 대조동아트캐슬주상복합)",https://yeonsinnae.generless.com/,02-6949-5703,,
839,1776089864146,제이디의원,"서울특별시 중구 남대문로 68, 고려빌딩 6,7층 (명동2가)",http://www.truebeauty.co.kr/index.asp,02-6677-8660,,
840,1776089864147,제이스타피부과의원,"서울특별시 동작구 상도로 65, 4층 (대방동)",http://jstar.drline.net/index.asp,02-812-7535,,
841,1776089864151,제이엘피부과의원,"서울특별시 송파구 올림픽로 212, (잠실동, 갤러리아팰리스 201호)",https://jlskinclinic.com/,02-417-0075,,
842,1776089864155,제이윤피부과의원,"서울특별시 송파구 중대로 126, 7층 (가락동)",https://jyoon.co.kr/,02-6417-7100,,
843,1776089864162,제이필의원,"서울특별시 마포구 양화로 166, 미래프라자 5,7층 (동교동)",https://jfeelclinic.com/,02-533-0060,,
850,1776089864180,종로가톨릭의원,"서울특별시 종로구 종로 210, 하이뷰더광장 지하층 106~110호 (종로5가)",https://jongnocatholic.co.kr/,02-2285-5210,,
854,1776089864184,종로연세의원,"서울특별시 종로구 종로 272, 동대문종합시장 신관 7층 (종로6가)",https://jongroyonsei.com,02-745-3388,,
860,1776089864193,준앤민닥터포유의원,"서울특별시 송파구 양재대로 932, 업무동 5층 8,9,10,10-2호 (가락동)",http://www.dr4usp.co.kr,02-423-7575,,
861,1776089864194,중계우리들의원,"서울특별시 노원구 한글비석로 235, 하나프라자빌딩 401호,402호,403호 (중계동)",http://www.wooriclinic.net/index.asp,02-931-8270,,
865,1776089864214,지파이브(G5)연합의원,"서울특별시 송파구 충민로 52, 가든파이브웍스 3층 S305,S306호 (문정동)",http://g5clinic.com,02-2047-1133,,
867,1776089864224,차앤박피부과의원,"서울특별시 노원구 노해로 495, (상계동, 삼용빌딩)",http://www.cnpskin.com/hos/main.php?groupid=cnpskin18,02-933-0571,,
868,1776089864228,차이의원,"서울특별시 마포구 월드컵로3길 14, 303~305호 (합정동, 마포한강2차푸르지오)",https://chaiclinic.co.kr,02-6933-6626,,
873,1776089864235,참사랑의원,"서울특별시 중랑구 동일로 920, 묵동 4층 (묵동)",http://www.charmsarang.co.kr/,02-973-7542,,
877,1776089864243,채희재피부과의원,"서울특별시 은평구 서오릉로 140, 2층 (대조동)",http://www.skinchae.co.kr,02-385-3330,,
879,1776089864271,청담바롬의원,"서울특별시 용산구 백범로 341, (원효로1가)",https://www.varom.kr,02-3275-7900,,
880,1776089864274,청담보드레의원,"서울특별시 노원구 화랑로 441, 미라쉘 201호 (공릉동)",https://www.cd-bodre.com/,02-6737-7776,,
881,1776089864278,청담비엘의원,"서울특별시 동대문구 답십리로 273, 한양빌딩 3층 (장안동)",http://www.blclinic.co.kr,02-3394-7338,,
882,1776089864321,청담준의원,"서울특별시 중랑구 망우로 322, 201~204호 (상봉동, 상봉역 유보라 퍼스트리브&포스퀘어)",https://cdjuneclinic.com/,02-495-7500,,
883,1776089864339,청량리닥터에버스의원,"서울특별시 동대문구 왕산로 205, 동광빌딩 4층 일부, 5층 (청량리동)",https://evers28.co.kr,02-2039-3675,,
884,1776089864345,체인지미피부과의원,"서울특별시 강북구 도봉로 358, 코스타타워 203호 (번동)",http://www.change-me.com,02-998-9114,,
885,1776089864346,체인지업의원,"서울특별시 양천구 신목로 102, 201호 (목동, 대경프라자)",http://www.changeupclinic.com/,02-2637-7575,,
886,1776089864349,초이스피부과의원,"서울특별시 노원구 한글비석로 56, 미성아파트 미성상가동 3층 301호 (하계동)",http://skinchois.net,02-977-3744,,
892,1776089864364,카린의원,"서울특별시 중구 명동10길 18, 4층 (명동2가)",https://karinclinic.co.kr/,02-318-7730,,
893,1776089864367,커브라인의원,"서울특별시 중구 명동9가길 21, 2~5층층 (을지로2가)",https://curvelineclinic.com/,02-6954-2565,,
894,1776089864372,케이트의원,"서울특별시 마포구 양화로 148, 스칼렛빌딩 7층 (동교동)",http://www.wynnclinic.com,02-6952-1234,,
897,1776089864388,퀸즈성형외과의원,"서울특별시 노원구 동일로 1689, 203, 216호 (상계동, 하이베라스)",http://newqueensclinic.co.kr,02-937-0709,,
899,1776089864395,큐티스의원,"서울특별시 용산구 한강대로 95, B1층 157-1호 (한강로2가, 래미안용산 더 센트럴)",http://www.qtis.co.kr,02-6405-1110,,
902,1776089864404,클럽미즈라미체의원,"서울특별시 송파구 백제고분로7길 14, 태원빌딩 (잠실동)",http://www.lamiche.co.kr,02-422-9888,,
903,1776089864406,클레오르의원,"서울특별시 마포구 양화로 165, 4층 (동교동, 상진빌딩)",https://hongdae.cleorclinic.com/ko,02-3121-7556,,
904,1776089864410,클렌피부과의원,"서울특별시 송파구 양재대로 1222, (방이동, 올림픽프라자상가 326,327호)",http://www.cleneskin.co.kr,02-408-7676,,
906,1776089864413,클린앤미피부과의원,"서울특별시 마포구 월드컵북로 347, 6층 (상암동, 상암메디칼빌딩)",http://www.cleannmi.co.kr,02-307-3375,,
907,1776089864417,클린업피부과의원,"서울특별시 노원구 노해로 451, 청산빌딩 4층 (상계동)",https://www.upskinnw.co.kr,02-556-9070,,
908,1776089864420,클림의원명동점,"서울특별시 중구 명동길 43, 4,5층 (명동1가)",https://myeongdong.kleam.kr,-,,
909,1776089864421,클림의원홍대점,"서울특별시 마포구 양화로 141, 롯데호텔 L7홍대 3층 전체호 (동교동)",https://kleam.kr,02-6953-4842,,
910,1776089864435,타토아의원,"서울특별시 노원구 노해로 485, 금정빌딩 5층,6층 (상계동)",https://tatoanw.co.kr,-2,,
911,1776089864437,탑메디피부과의원,"서울특별시 노원구 한글비석로 270, 스카이타워 4층 401,402호 (중계동)",http://www.topmediskin.com,932-0770,,
912,1776089864439,태미안 의원,"서울특별시 중랑구 망우로 305, 7층 (상봉동, 거암빌딩)",http://taemian.com,02-529-2871,,
914,1776089864443,테시토의원,"서울특별시 마포구 성지1길 39, 2,3층 (합정동)",https://www.tesito.co.kr,,,
915,1776089864449,톡스앤필의원,"서울특별시 송파구 송파대로 167, B동 310호 (문정동, 문정역테라타워)",https://www.toxnfill29.com,02-2054-8540,,
916,1776089864451,톡스앤필의원명동점,"서울특별시 중구 남대문로 84, 8층 (남대문로2가)",https://www.toxnfill35.com,02-318-5113,,
917,1776089864453,톤즈의원,"서울특별시 마포구 양화로 140, 6층 일부호 (동교동)",https://tonesclinic.com,02-6956-5588,,
918,1776089864456,톤즈의원,"서울특별시 중구 남대문로 90, 세미콜론명동 14층 (남대문로2가)",https://tonesclinic.com/myeongdong,02-6956-6789,,
919,1776089864457,톤즈의원,"서울특별시 송파구 송파대로 558, 월드타워빌딩 6층 (신천동)",https://tonesclinic.com/jamsil,02-6956-0156,,
920,1776089864459,트랜드성형외과의원,"서울특별시 중구 퇴계로 109, 14층 (충무로1가)",http://www.nose-777.com,02-3442-0009,,
921,1776089864460,트로이성형외과의원,"서울특별시 양천구 목동로 203, 6층 (신정동)",https://troyps.co.kr,1800-8630,,
922,1776089864462,트리에피부과의원,"서울특별시 성동구 매봉길 48, 201,202호 (옥수동)",http://trie.co.kr,02-6956-9963,,
923,1776089864463,트리옹프닥터의원,"서울특별시 중구 명동9길 16, 명동센트럴빌딩 2층 (명동1가)",http://www.triomphedr.com/,02-6237-7771,,
924,1776089864465,트윙클의원,"서울특별시 종로구 종로5길 13, 삼공빌딩 3층 (청진동)",https://www.twinkleclinic.co.kr,02-6931-7555,,
925,1776089864476,파스텔휴먼피부과의원,"서울특별시 성동구 왕십리로 410, L동 224,225,226호 (하왕십리동, 센트라스)",http://pastelskin.com/,02-6953-7771,,
926,1776089864478,파크뷰의원,"서울특별시 송파구 올림픽로 116, 메디씨티 빌딩 10층 (잠실동)",https://parkviewjs.com/,02-6952-3933,,
931,1776089864486,팡클리닉의원,"서울특별시 마포구 양화로 140, 9층 (동교동)",https://www.ppangclinic.com,02-6229-9090,,
933,1776089864489,퍼플의원,"서울특별시 송파구 백제고분로 91, LK 빌딩 3층 (잠실동)",https://www.purpleclinic.co.kr,02-421-0613,,
934,1776089864491,페이브피부과의원,"서울특별시 용산구 한강대로 69, 2층 217-1, 2호 (한강로2가, 용산푸르지오써밋)",https://faveclinic.com/,02-2039-1656,,
935,1776089864492,페이스피부과의원,"서울특별시 마포구 마포대로 73, SK허브그린 2층 201호 (도화동)",https://faceskin.co.kr/,02-6951-0888,,
938,1776089864498,포레나의원,"서울특별시 마포구 양화로 140, 7층 (동교동)",https://www.forenaclinic.com/,02-325-7979,,
940,1776089864506,포에버(FOREVER)의원,"서울특별시 마포구 마포대로 92, (도화동)",https://www.4-ever.co.kr/,02-1600-8345,,
942,1776089864514,포웰의원,"서울특별시 송파구 백제고분로 503, 유정빌딩 2,5층 (방이동)",http://www.sm-clinic.kr,02-2088-6550,,
946,1776089864524,풀페이스의원,"서울특별시 마포구 양화로 164, 유림빌딩 10층 (동교동)",http://fullface.co.kr/,02-332-2648,,
947,1776089864529,프라임의원,"서울특별시 동작구 상도로 174, 5층 (상도동)",http://primeskin.co.kr,02-826-2080,,
948,1776089864532,프로젝트 유 의원,"서울특별시 마포구 양화로 162, 6층 601호, 602호 (동교동)",https://www.projectuclinic.com/,02-2038-8910,,
950,1776089864536,프리미엘의원,"서울특별시 마포구 월드컵북로54길 25, 상암DMC푸르지오시티, S-City 203~204호 (상암동)",https://primiel.co.kr/,02-6384-7070,,
951,1776089864537,프리미엘의원,"서울특별시 종로구 새문안로3길 15, 동원빌딩 2층 (당주동)",https://primielclinic.co.kr/,02-6952-0277,,
952,1776089864538,프리미의원,"서울특별시 성동구 성수일로 52, 3층 (성수동2가)",https://primiclinic.com/,070-5029-5131,,
953,1776089864540,프리즘의원,"서울특별시 은평구 수색로 191, 두빌191 401호 (증산동)",https://prismclinic.co.kr/,02-6954-7700,,
954,1776089864541,플라워피부과의원,"서울특별시 양천구 공항대로 558, (목동)",http://www.flowerskin.co.kr/,02-2061-9553,,
956,1776089864547,플로레의원,"서울특별시 중구 명동10길 41, 6층 (충무로2가, 챔피온빌딩)",http://www.fulore.co.kr,777-7805,,
958,1776089864554,피아프의원,"서울특별시 송파구 올림픽로 82, 1층 101호 (잠실동)",https://piafmedical.com/ko,0507-1319-8884,,
959,1776089864559,피엘의원,"서울특별시 용산구 서빙고로 17, 용산센트럴파크해링턴스퀘어 2층 53,54,55,56호 (한강로3가)",https://pielclinic.co.kr/,,,
960,1776089864564,필그린피부과의원,"서울특별시 마포구 마포대로24길 56, 2층 (아현동, 보령빌딩)",http://www.feel-green.co.kr/index.html,02-362-7582,,
967,1776089864587,하얀나라피부과의원,"서울특별시 동대문구 전농로 102, 201호 (답십리동)",http://www.hayan-hayan.co.kr/,02-2244-7582,,
969,1776089864590,하예의원,"서울특별시 용산구 독서당로 80, 대정빌딩 1,2층 (한남동)",https://www.hayeclinic.com/,02-797-0727,,
971,1776089864600,하트웰의원,"서울특별시 동작구 동작대로 139, (사당동)",https://www.heartwell.co.kr/,02-461-8080,,
975,1776089864610,한마음가정의원,"서울특별시 노원구 초안산로5길 12, 월계프라자 (월계동)",http://hanmaumclinic.com/,02-907-4002,,
981,1776089864622,한사랑의원,"서울특별시 중구 장충단로 201, 지혜빌딩 지하1, 지상3,4층 (장충동1가)",http://hsrclinic.net,02-2277-4707,,
982,1776089864624,한사랑의원,"서울특별시 마포구 만리재로 133, 3층 (아현동)",http://han-sarang.co.kr/,02-363-9114,,
984,1776089864626,한사랑의원,"서울특별시 송파구 올림픽로 435, (신천동, 파크리오B상가 307호)",http://hansarang365ds.co.kr/,02-423-5334,,
990,1776089864639,해피메디의원,"서울특별시 중구 통일로 86, 2층 205호 (순화동, 바비엥3빌딩)",http://happymedi.net,02-775-6100,,
996,1776089864648,행복한피부과의원,"서울특별시 노원구 동일로 1401, 상아빌딩 지상5층 (상계동)",http://www.happyskin.co.kr,02-932-2255,,
1002,1776089864658,헤세드의원,"서울특별시 종로구 새문안로 15-1, 7층 (평동)",https://www.hessedclinic.com,02-737-0191,,
1003,1776089864661,헤이데이의원명동점,"서울특별시 중구 남대문로 90, 명동N빌딩 7층 (남대문로2가)",https://heydayclinic2.com/,02-6263-0302,,
1007,1776089864669,현대중앙의원,"서울특별시 동대문구 사가정로 110, 1,2층 (전농동)",www.hdclinic.kr/,02-2244-9600,,
1011,1776089864675,혜성플러스의원,"서울특별시 동대문구 장한로 14, 1,2,3층 (장안동)",www.hsplus-im.co.kr/,02-2244-6356,,
1014,1776089864679,호수의원,"서울특별시 용산구 독서당로 85, 3층 (한남동)",http://m.hosooclinic.com/,02-792-0506,,
1016,1776089864683,홍대 닥터쁘띠의원,"서울특별시 마포구 양화로 151, 8층 (동교동)",https://www.doctorpetit09.com/,02-3144-7885,,
1017,1776089864684,홍대고운세상피부과의원,"서울특별시 마포구 월드컵로1길 14, 딜라이트스퀘어 A동 2층 202, 203호 (합정동, 마포 한강 푸르지오)",http://www.beautyforever.co.kr,3143-3822,X,X
1020,1776089864687,홍대셀레나의원,"서울특별시 마포구 양화로 162, 9층 (동교동)",https://selenaskin.com/,02-332-8808,o,
1021,1776089864688,홍대아이디의원,"서울특별시 마포구 양화로 140, 10층 (동교동)",https://hd.idclinic.co.kr/,,o,
1023,1776089864690,홍대톡스앤필의원,"서울특별시 마포구 양화로 162, 11층, 12층 (동교동)",https://www.toxnfill50.com,02-332-4842,,
1026,1776089864697,홍피부과의원,"서울특별시 송파구 석촌호수로 118, 잠실청호빌딩 4~5층 (잠실동)",http://www.hongskin.co.kr/,02-412-9396,,
1027,1776089864703,화인통증의학과의원,"서울특별시 중구 퇴계로 447, 2층 217호 (황학동, 황학 아크로타워)",http://m.fine-mc.com/,02-2237-7525,,
1029,1776089864705,활짝피움의원,"서울특별시 성동구 왕십리로 410, 센트라스상가 L동 3층 311, 312호 (하왕십리동, 센트라스)",http://hphium.com/m/,02-2291-3400,,
1031,1776089864710,휴먼피부과의원,"서울특별시 은평구 통일로 739, 2층 (대조동, 오산상가)",http://www.humanep.co.kr/,02-352-9888,,
1032,1776089864712,휴먼피부과의원,"서울특별시 용산구 서빙고로 17, 센트럴파크 몰동 2층 203호 ~208호, 2017호, 2018호 (한강로3가)",http://yshuman.co.kr,02-792-8555,,
1033,1776089864714,휴먼피부과의원,"서울특별시 송파구 올림픽로 289, 잠실시그마타워 306,307호 (신천동)",https://jamsilhuman.com,02-419-0777,,
1034,1776089864715,휴앤미의원,"서울특별시 양천구 오목로 231, 지하1층 (신정동)",https://www.huenme.com/,02-2606-8857,,
1035,1776089864716,휴킨스피부과의원,"서울특별시 노원구 동일로204가길 34, 씨앤미복합빌딩 252호~260호 (중계동)",http://www.hukins.co.kr/,02-977-6447,,
1038,1776089864727,뉴스타트병원,"서울특별시 송파구 송이로 76, 뉴스타트병원 (가락동)",http://new-start.co.kr,02-407-7700,,
1040,1776089864732,서울병원,"서울특별시 송파구 오금로 290, (가락동)",https://seoulmedicalcenter.co.kr/,02-405-8500,,
1041,1776089864733,서울연세병원,"서울특별시 마포구 토정로 271, 대현빌딩 지하1층,지상2~6층 (용강동)",http://www.syshand.com,02-2293-7582,,
1042,1776089864734,영동병원,"서울특별시 동대문구 한천로 4, (장안동,외1필지(413-8))",www.ydh2002.com/,02-469-0019,,
1044,1776089864753,공봉택성형외과의원,"서울특별시 노원구 노해로 490, 303호 (상계동, 길빌딩)",http://pskong.co.kr/,02-932-6767,,
1045,1776089864755,국원석성형외과의원,"서울특별시 마포구 양화로 152, 5층 (동교동, 대화빌딩)",http://www.drkook.co.kr/,322-9922,,
1047,1776089864767,김동진성형외과의원,"서울특별시 중구 명동길 36-1, 4층 (명동2가, 삼호빌딩)",http://www.djclinic.com,02-753-7383,,
1049,1776089864777,네오성형외과의원,"서울특별시 송파구 가락로18길 8, 2,3층 (송파동)",https://www.neops.co.kr/,02-3443-6363,,
1050,1776089864783,노정식성형외과의원,"서울특별시 중구 명동8길 40, 3층 (충무로1가)",http://rhodoctor.co.kr,778-7933,,
1051,1776089864793,담스의원,"서울특별시 중구 다산로 112, 담스빌딩 3층 (신당동)",http://www.dams.co.kr,2233-3438,,
1053,1776089864804,도도성형외과의원,"서울특별시 동대문구 천호대로 425, 3층 (장안동)",http://www.dodobeauty.com/,02-2213-3377,,
1054,1776089864822,로제성형외과의원,"서울특별시 은평구 통일로 857, 5호 (갈현동)",http://www.irosee.co.kr/,02-359-1255,,
1055,1776089864834,리안성형외과의원,"서울특별시 노원구 동일로 1402, 4층 (상계동, 기업빌딩)",https://www.reanclinic.co.kr/,02-932-9753,,
1059,1776089864923,스마트성형외과의원,"서울특별시 마포구 마포대로 109, 3층 (공덕동, 롯데캐슬프레지던트)",http://www.smartps.co.kr,6009-1122,,
1060,1776089864927,스텔라의원,"서울특별시 양천구 오목로 350, 6층 (목동, 썬택씨티빌딩)",http://stellaclinic.co.kr/,02-2655-2822,,
1061,1776089864933,아름다운성형외과의원,"서울특별시 은평구 연서로 246, 7층 (불광동)",http://www.pretty2u.co.kr/,02-355-4888,,
1062,1776089864961,안호범안스성형외과의원,"서울특별시 노원구 노해로 460, 현대증권빌딩 2층 201호, 10층 1001호 (상계동)",http://doctorahn114.co.kr/,932-2222,,
1063,1776089864980,엔유성형외과의원,"서울특별시 은평구 은평로 121, 12층 (응암동)",https://www.nuplasticsurgery.com,02-359-0120,,
1064,1776089865033,윤앤정와이앤제이성형외과의원,"서울특별시 노원구 노해로 492, 3층 301호,302호 (상계동, 프린스빌딩)",http://hiynj.com,02-933-7788,,
1065,1776089865035,윤정섭성형외과의원,"서울특별시 마포구 신촌로 174, 4층 (대흥동, 중우빌딩)",https://www.yoonbeauty.com/,02-717-3525,,
1068,1776089865081,지인성형외과의원,"서울특별시 송파구 올림픽로 100, (잠실동, 3층)",http://www.jiinps.com,02-425-1888,,
1069,1776089865082,지혜로운의원,"서울특별시 강북구 도봉로 52, 연이빌딩 11층 (미아동)",http://wiseclinic.co.kr/,02-6733-7820,,
1070,1776089865096,최성호성형외과의원,"서울특별시 성동구 왕십리로 309, 왕십리역이스타빌 403호 (행당동)",http://cscs.co.kr,02-2297-0056,,
1071,1776089865101,카라성형외과의원,"서울특별시 종로구 대학로 149, 2층 (혜화동)",http://www.caraps.co.kr/,02-742-3939,,
